ID;Authors;Institution;Type of Institution;Country
SCP0284;A.B. Mutiara;Gunadarma University;Academy;Indonesia
SCP0272;A.G. Reshetnikov;Dubna University;Academy;Russia
SCP0116;Aakash Ahmad;Lancaster University Leipzig;Academy;Germany
SCP0122;Aakash Ahmad;Lancaster University Leipzig;Academy;Germany
SCP0004;Aakash Ahmad  ;Lancaster University Leipzig;Academy;Germany  
SCP0024;Aakash Ahmad  ;Lancaster University Leipzig;Academy;Germany  
SCP0087;Aakash Ahmad  ;Lancaster University Leipzig;Academy;Germany  
SCP0001;Aakash Ahmad  ;University of Hail;Academy;Saudi Arabia  
SCP0282;Abdullah Alharbi;Taif University;Academy;Saudi Arabia
SCP0167;Adrian Cobb;Deakin University;Academy;Australia
SCP0494;Adrian Winckles;Anglia Ruskin University;Academy;United Kingdom
WOS0223;Agustina Arismendi;Universidad de la República;Academy;Uruguay
SCP0394;Ahmad Mansrah;Al-Zaytoonah University of Jordan;Academy;Jordan
SCP0659;Ahmed Alkhayyat;The Islamic University;Academy;Iraq
SCP0004;Ahmed B. Altamimi  ;University of Hail;Academy;Saudi Arabia  
SCP0421;Ahmed Younes;Alexandria University;Academy;Egypt
SCP0421;Ahmed Younes;University of Birmingham;Academy;United Kingdom
WOS0888;Aidan Evans;Yale University;Academy;United States
SCP0003;Alan Ramírez  ;Universidad Autónoma de Sinaloa  ;Academy;Mexico  
SCP0300;Alberto Krone-Martins;University of California;Academy;United States
WOS0931;Alejandro Fernandez;CICBA Provincia de Buenos Aires;Government;Argentina
WOS1453;Alejandro Fernandez;National University of La Plata;Academy;Argentina
WOS0931;Alejandro Fernandez;National University of La Plata;Academy;Argentina
SCP0023;Alejandro Fernandez  ;National University of La Plata;Academy;Argentina  
SCP0390;Alessandro Pagano;University of Bari;Academy;Italy
SCP0177;Alexander Alodjants;ITMO University;Academy;Russia
SCP0354;Alexander J. McCaskey;Oak Ridge National Laboratory;Academy;United States
SCP0296;Alexander Küchler;Fraunhofer AISEC;Academy;Germany
SCP0280;Alexandre C. Esteves;Universidade Federal do Rio de Janeiro;Academy;Brazil
SCP0177;Alexey Melnikov;Terra Quantum AG;Industry;Switzerland
SCP0357;Alexey Nechaev;The Jerusalem College of Engineering;Academy;Israel
SCP0369;Alfred Lako;Polytechnic University of Tirana;Academy;Albania
SCP0259;Alfred V. Aho;Columbia University;Academy;United States
SCP0967;Ali Idri;University Mohamed V;Academy;Morocco
SCP0180;Alon Tsalik Shmilovich;The Jerusalem College of Engineering;Academy;Israel
SCP0355;Álvaro M. Aparicio-Morales;University of Extremadura;Academy;Spain
WOS1453;Álvaro M. Aparicio-Morales;University of Extremadura;Academy;Spain
SCP0023;Álvaro M. Aparicio-Morales;University of Extremadura;Academy;Spain
SCP0191;Amandeep Dhir;North-West University;Academy;Norway
SCP0191;Amandeep Dhir;University of Agder;Academy;Norway
SCP0191;Amandeep Dhir;University of Stavanger;Academy;Norway
SCP0122;Amjed Tahir;Massey University;Academy;New Zealand
SCP0063;Ana Díaz Muñoz;University of Castilla-La Mancha;Academy;Spain
SCP0225;Ana Díaz Muñoz;AQCLab Software Quality;Industry;Spain
SCP0225;Ana Díaz Muñoz;University of Castilla-La Mancha;Academy;Spain
SCP0032;Ana Díaz Muñoz  ;University of Castilla-La Mancha;Academy;Spain
SCP0121;André Souto;Instituto de Telecomunicações;Academy;Portugal
SCP0121;André Souto;Universidade de Lisboa;Academy;Portugal
SCP0035;Andre Souto  ;Universidade de Lisboa;Academy;Portugal  
SCP0115;Andrea De Lucia;University of Salerno;Academy;Italy
SCP0158;Andrea De Lucia;University of Salerno;Academy;Italy
SCP0059;Andrea De Lucia  ;University of Salerno;Academy;Italy  
SCP0082;Andrea De Lucia  ;University of Salerno;Academy;Italy  
SCP0108;Andrea De Lucia  ;University of Salerno;Academy;Italy  
SCP0387;Andreas Gerndt;German Aerospace Center;Government;Germany
SCP0186;Andrés D. Muñoz-Moller;University of Jyväskylä;Academy;Finland
SCP0221;Andrew Van Horn;Duke University;Academy;United States
SCP0259;Andrew W. Cross;Massachusetts Institute of Technology;Academy;United States
SCP0259;Andrew W. Cross;MIT Media Lab;Academy;United States
SCP0157;Andriy Miranskyy;Ryerson University;Academy;Canada
SCP0202;Andriy Miranskyy;Ryerson University;Academy;Canada
SCP0149;Andriy Miranskyy;Toronto Metropolitan University;Academy;Canada
SCP0230;Andriy Miranskyy;Toronto Metropolitan University;Academy;Canada
ACM0007;Andriy Miranskyy  ;Toronto Metropolitan University;Academy;Canada
SCP0103;Andriy Miranskyy  ;Ryerson University;Academy;Canada  
SCP0089;Andriy Miranskyy  ;Toronto Metropolitan University;Academy;Canada  
SCP0163;Ania Cravero;Universidad de La Frontera;Academy;Chile
WOS0523;Anibrata Pal;University of Bari;Academy;Italy
SCP0132;Anibrata Pal;University of Bari Aldo Moro;Academy;Italy
SCP0369;Anibrata Pal;University of Bari Aldo Moro;Academy;Italy
SCP0656;Anibrata Pal;University of Bari Aldo Moro;Academy;Italy
SCP0156;Aniket S. Dalvi;Duke University;Academy;United States
ACM0007;Antonio Brogi  ;University of Pisa  ;Academy;Italy
SCP0065;Antonio Brogi  ;University of Pisa  ;Academy;Italy  
SCP0172;Antonio Garmendia;Johannes Kepler University Linz;Academy;Austria
SCP0184;Antonio Garmendia;Johannes Kepler University Linz;Academy;Austria
SCP0172;Antonio Garmendia;Universidad Autonoma de Madrid;Academy;Spain
SCP0390;Antonio Piccinno;University of Bari;Academy;Italy
ACM0007;Antonio Ruiz-Cortés  ;Universidad de Sevilla  ;Academy;Spain
SCP0108;Antonio Trovato  ;University of Salerno;Academy;Italy  
SCP0659;Anurag Sinha;Indira Gandhi National Open University;Academy;India
SCP0266;Anushka Singh;Kalinga Institute of Industrial Technology;Academy;India
SCP0191;Anushree Tandon;University of Turku;Academy;Finland
SCP0414;Anya Tafliovich;University of Toronto  ;Academy;Canada
SCP0116;Arif Ali Khan;University of Oulu;Academy;Finland
SCP0134;Arif Ali Khan;University of Oulu;Academy;Finland
SCP0279;Arif Ali Khan;University of Oulu;Academy;Finland
WOS1152;Arif Ali Khan;University of Oulu;Academy;Finland
SCP0021;Arif Ali Khan  ;University of Oulu;Academy;Finland  
SCP0001;Arif Ali Khan  ;University of Oulu;Academy;Finland  
SCP0024;Arif Ali Khan  ;University of Oulu;Academy;Finland  
SCP0087;Arif Ali Khan  ;University of Oulu;Academy;Finland  
SCP0088;Arif Ali Khan  ;University of Oulu;Academy;Finland  
SCP0107;Arif Ali Khan  ;University of Oulu;Academy;Finland  
SCP0058;Aritra Sarkar  ;Delft University of Technology  ;Academy;Netherlands  
SCP0058;Aritra Sarkar  ;QuTech;Industry;Netherlands  
WOS1215;Ashis Kumar Mandal;University of Saskatchewan;Academy;Canada
SCP0342;Asmar Muqeet;Simula Research Laboratory;Government;Norway
WOS0916;Asmar Muqeet;Simula Research Laboratory;Government;Norway
SCP0342;Asmar Muqeet;University of Oslo;Academy;Norway
WOS0916;Asmar Muqeet;University of Oslo;Academy;Norway
SCP0111;Asmar Muqeet  ;University of Oslo;Academy;Norway  
SCP0405;Axel Dahlberg;QuTech;Industry;Netherlands
WOS1192;Badee Salloum;SCASE;Industry;Syria
WOS1192;Badee Salloum;Syrian Virtual University;Academy;Syria
WOS1215;Banani Roy;University of Saskatchewan;Academy;Canada
WOS0072;Beibei Yin;Beihang University;Academy;China
SCP0122;Beiqi Zhang;Wuhan University;Academy;China
SCP0251;Benjamin Weder;University of Stuttgart;Academy;Germany
SCP0387;Benjamin Weps;German Aerospace Center;Government;Germany
SCP0387;Benjamin Weps;Jena Optronik GmbH;Industry;Germany
SCP0266;Biplab Sikdar;National University of Singapore;Academy;Singapore
SCP0659;Biresh Kumar;Amity University Jharkhand;Academy;India
SCP0107;Boshuai Ye  ;Aalto University  ;Academy;Finland  
SCP0221;Brad Bondurant;Duke University;Academy;United States
SCP0280;Bruno D. de Paiva;Universidade Federal do Rio de Janeiro;Academy;Brazil
SCP0112;Byung-Soo Choi  ;Pukyong National University  ;Academy;South Korea  
SCP0003;C.X. Navarro  ;Universidad Autónoma de Baja California  ;Academy;Mexico  
SCP0061;Carla Bezerra  ;Federal University of Ceara  ;Academy;Brazil  
SCP0179;Carlos Canal;Universidad de Málaga;Academy;Spain
SCP0003;Carlos Fernández-y-Fernández  ;Universidad Tecnológica de la Mixteca  ;Academy;Mexico  
SCP0071;Carmelo R. Cartiere  ;Nextsense Srl  ;Industry;Italy  
SCP0003;César Guerra-García  ;Universidad Autónoma de San Luis Potosí  ;Academy;Mexico  
WOS1215;Chanchal K. Roy;University of Saskatchewan;Academy;Canada
SCP0221;Chao Fang;Duke University;Academy;United States
SCP0307;Chao Wang;Shanghai Development Center of Computer Software Technology;Academy;China
SCP0983;Chi-Hsuan Wu;National Pingtung University;Academy;Taiwan
SCP0983;Chia-Ho Ou;National Pingtung University;Academy;Taiwan
SCP0983;Chih-Yu Chen;Chung Yuan Christian University;Academy;Taiwan
SCP0983;Ching-Ray Chang;Chung Yuan Christian University;Academy;Taiwan
SCP0482;Christian B. Mendl;University of Munich;Academy;Germany
SCP0296;Christian Banse;Fraunhofer AISEC;Academy;Germany
WOS1366;Claudia Linnhoff-Popien;Ludwig Maximilian University of Munich;Academy;Germany
SCP0062;Colin Kai-Uwe Becker  ;Fraunhofer Institute for Open Communication Systems;Academy;Germany  
SCP0482;Corey O'Meara;E.ON Digital Technology GmbH;Industry;Germany
SCP0033;Corey O'Meara;E.ON Digital Technology GmbH;Industry;Germany  
SCP0300;Cristina V. Lopes;University of California;Academy;United States
SCP0096;Dae-Kyoo Kim  ;Oakland University  ;Academy;United States  
SCP0068;Damian S. Steiger  ;ETH Zurich  ;Academy;Switzerland  
SCP0032;Danel Arias  ;Universidad de Deusto  ;Academy;Spain
SCP0056;Daniel Fortunato  ;University of Porto;Academy;Portugal  
SCP0069;Daniel Fortunato  ;University of Porto;Academy;Portugal  
SCP0387;Daniel Lüdtke;German Aerospace Center;Government;Germany
SCP0168;Daniel Vietz;University of Stuttgart;Academy;Germany
WOS0523;Danilo Caivano;University of Bari;Academy;Italy
SCP0132;Danilo Caivano;University of Bari Aldo Moro;Academy;Italy
SCP0369;Danilo Caivano;University of Bari Aldo Moro;Academy;Italy
SCP0115;Dario Di Nucci;University of Salerno;Academy;Italy
SCP0158;Dario Di Nucci;University of Salerno;Academy;Italy
SCP0059;Dario Di Nucci  ;University of Salerno;Academy;Italy  
SCP0082;Dario Di Nucci  ;University of Salerno;Academy;Italy  
SCP0108;Dario Di Nucci  ;University of Salerno;Academy;Italy  
WOS1207;David Valencia;University of Extremadura;Academy;Spain
SCP0031;David Valencia  ;University of Extremadura;Academy;Spain
WOS0127;Davide Di Ruscio;University of L'Aquila;Academy;Italy
SCP0107;Davide Falessi  ;University of Rome Tor Vergata;Academy;Italy  
SCP0158;Davide Taibi;Tampere University;Academy;Finland
WOS1152;Davide Taibi;University of Oulu;Academy;Finland
SCP0107;Davide Taibi  ;University of Oulu;Academy;Finland  
SCP0282;Dhirendra Pandey;Babasaheb Bhimrao Ambedkar University;Academy;India
SCP0128;Diego Alonso;Universidad Politécnica de Cartagena;Academy;Spain
SCP0104;Diego Alonso  ;Universidad Politécnica de Cartagena;Academy;Spain
SCP0195;Diego Alvarez-Estevez;Universidade da Coruña;Academy;Spain
SCP0374;Dirk Krucker;Deutsches Elektronen-Synchrotron DESY;Government;Germany
SCP0494;Domenico Vicinanza;Anglia Ruskin University;Academy;United Kingdom
SCP0112;Duwon Lee  ;Pukyong National University  ;Academy;South Korea  
SCP0195;Eduardo Mosqueira-Rey;Universidade da Coruña;Academy;Spain
SCP0053;Edward Hermann Haeusler  ;Pontifícia Universidade Católica do Rio de Janeiro  ;Academy;Brazil  
WOS0956;Enaut Mendiluze;Simula Research Laboratory;Government;Norway
SCP0123;Enrique Moguel;Computing and Advanced Technologies Foundation of Extremadura;Nonprofit Organization;Spain
SCP0179;Enrique Moguel;University of Extremadura;Academy;Spain
SCP0350;Enrique Moguel;University of Extremadura;Academy;Spain
WOS1207;Enrique Moguel;University of Extremadura;Academy;Spain
WOS1453;Enrique Moguel;University of Extremadura;Academy;Spain
ACM0007;Enrique Moguel  ;University of Extremadura;Academy;Spain
SCP0023;Enrique Moguel  ;University of Extremadura;Academy;Spain
SCP0032;Enrique Moguel  ;University of Extremadura;Academy;Spain
SCP0063;Enrique Moguel  ;University of Extremadura;Academy;Spain
SCP0031;Enrique Moguel  ;University of Extremadura;Academy;Spain
SCP0039;Enrique Moguel  ;University of Extremadura;Academy;Spain
SCP0043;Enrique Moguel  ;University of Extremadura;Academy;Spain
SCP0414;Eric C. R. Hehner;University of Toronto  ;Academy;Canada
SCP0032;Erik B. Terres-Escudero  ;Universidad de Deusto  ;Academy;Spain
SCP0353;Evangelia Girousi;University of Macedonia;Academy;Greece
SCP0168;Fabian Bühler;University of Stuttgart;Academy;Germany
SCP0115;Fabiano Pecorelli;Tampere University;Academy;Finland
SCP0108;Fabiano Pecorelli  ;Pegaso Digital University  ;Academy;Italy  
SCP0059;Fabiano Pecorelli  ;University of Salerno;Academy;Italy  
SCP0108;Fabiano Pecorelli  ;University of Salerno;Academy;Italy  
SCP0390;Fabio Cassano;University of Bari;Academy;Italy
SCP0115;Fabio Palomba;University of Salerno;Academy;Italy
SCP0158;Fabio Palomba;University of Salerno;Academy;Italy
SCP0059;Fabio Palomba  ;University of Salerno;Academy;Italy  
SCP0082;Fabio Palomba  ;University of Salerno;Academy;Italy  
SCP0485;Fangmin Song;Nanjing University;Academy;China
SCP0485;Fangmin Song;Nanjing University;Academy;China
SCP0172;Felix Gemeinhardt;Johannes Kepler University Linz;Academy;Austria
SCP0184;Felix Gemeinhardt;Johannes Kepler University Linz;Academy;Austria
SCP0067;Felix Gemeinhardt  ;Johannes Kepler University Linz;Academy;Austria  
SCP0072;Felix Gemeinhardt  ;Johannes Kepler University Linz;Academy;Austria  
SCP0084;Felix Greiwe  ;Technical University of Applied Sciences Regensburg  ;Academy;Germany  
SCP0156;Filip Mazurek;Duke University;Academy;United States
SCP0174;Florian Knable;Fraunhofer Institute for Industrial Engineering IAO;Academy;Germany
SCP0260;Florian Krebs;JOANNEUM RESEARCH;Industry;Austria
SCP0019;Foutse Khomh  ;École Polytechnique de Montréal;Academy;Canada  
SCP0027;Foutse Khomh  ;Polytechnique Montréal  ;Academy;Canada  
SCP0104;Francisco Sánchez-Rubio  ;Universidad Politécnica de Cartagena;Academy;Spain
SCP0168;Frank Leymann;University of Stuttgart;Academy;Germany
SCP0251;Frank Leymann;University of Stuttgart;Academy;Germany
ACM0007;Frank Leymann  ;University of Stuttgart;Academy;Germany
SCP0156;Frank Mueller;North Carolina State University;Academy;United States
SCP0525;Fuchen Zhu;National Laboratory for Modern Communications;Government;China
WOS1255;Fuyuan Zhang;Kyushu University;Academy;Japan
WOS1255;Fuyuki Ishikawa;National Institute of Informatics;Academy;China
SCP0142;Fuyuki Ishikawa;National Institute of Informatics;Academy;Japan
SCP0494;George Wilson;Anglia Ruskin University;Academy;United Kingdom
SCP0482;Giorgio Cortiana;E.ON Digital Technology GmbH;Industry;Germany
SCP0033;Giorgio Cortiana  ;E.ON Digital Technology GmbH;Industry;Germany  
SCP0065;Giuseppe Bisicchia  ;University of Pisa  ;Academy;Italy  
SCP0230;Greg Stager;IBM;Industry;Canada
SCP0076;Guido Petersen  ;aQuantum;Industry;Spain
SCP0026;Guido Peterssen  ;aQuantum;Industry;Spain
SCP0095;Guido Peterssen  ;Quantum Software Technology;Industry;Spain
SCP0002;Guido Peterssen  ;Quantum Software Technology;Industry;Spain
SCP0057;Guido Peterssen  ;University of Castilla-La Mancha;Academy;Spain
SCP0280;Guilherme H. Travassos;Universidade Federal do Rio de Janeiro;Academy;Brazil
SCP0163;Guillermo Fonseca;Universidad de La Frontera;Academy;Chile
WOS1153;Guoqing Harry Xu;University of California;Academy;United States
WOS1192;Hadi Salloum;Innopolis University;Academy;Russia
WOS1192;Hadi Salloum;QDeep;Industry;Russia
SCP0421;Hager Hussein;Arab Academy for Science and Technology;Academy;Egypt
SCP0127;Halyna Antonenko;Ivan Kozhedub Kharkiv National Air Force University;Academy;Ukraine
WOS0072;Hanyu Pei;University of Science and Technology Beijing;Academy;China
SCP0266;Harsh Pandey;Kalinga Institute of Industrial Technology;Academy;India
SCP0282;Hashem Alyami;Taif University;Academy;Saudi Arabia
SCP0659;Hassan Raza Mahmood;FAST NUCES CFD Campus;Academy;Pakistan
SCP0085;Hassan Soubra  ;École Centrale d'électronique;Academy;France  
SCP0093;Hassan Soubra  ;École Centrale d'électronique;Academy;France  
SCP0387;Hauke Müntinga;University of Bremen;Academy;Germany
SCP0003;Hector G. Perez-Gonzalez  ;Universidad Autónoma de San Luis Potosí  ;Academy;Mexico  
SCP0027;Heng Li  ;Polytechnique Montréal  ;Academy;Canada  
SCP0260;Hermann Fürntratt;JOANNEUM RESEARCH;Industry;Austria
SCP0260;Herwig Zeiner;JOANNEUM RESEARCH;Industry;Austria
SCP0086;Hoa T. Nguyen  ;University of Melbourne  ;Academy;Australia  
SCP0094;Huaizhen Kou  ;Nanjing University of Science and Technology  ;Academy;China  
SCP0357;Iaakov Exman;The Jerusalem College of Engineering;Academy;Israel
SCP0180;Iaakov Exman;The Jerusalem College of Engineering;Academy;Israel
SCP0035;Iftekhar Ahmed  ;University of California;Academy;United States  
WOS0121;Ignacio Garcia Rodriguez de Guzman;University of Castilla-La Mancha;Academy;Spain
ACM0007;Ignacio García Rodríguez de Guzmán  ;University of Castilla-La Mancha;Academy;Spain
SCP0063;Ignacio Garcia Rodriguez de Guzman;University of Castilla-La Mancha;Academy;Spain
SCP0054;Ignacio García-Rodríguez De Guzmán  ;University of Castilla-La Mancha;Academy;Spain
SCP0259;Igor L. Markov;University of Michigan;Academy;United States
SCP0326;Ilie-Daniel Gheorghe-Pop;Fraunhofer Institute for Open Communication Systems;Academy;Germany
SCP0062;Ilie-Daniel Gheorghe-Pop  ;Fraunhofer Institute for Open Communication Systems;Academy;Germany  
SCP0259;Isaac Chuang;Massachusetts Institute of Technology;Academy;United States
SCP0259;Isaac Chuang;MIT Media Lab;Academy;United States
SCP0394;Ismael Jannoud;Al-Zaytoonah University of Jordan;Academy;Jordan
SCP0061;Ivan Machado  ;Universidade Federal da Bahia  ;Academy;Brazil  
SCP0081;J. Thangakumar  ;Hindustan Institute Of Technology And Sciences  ;Academy;India  
SCP0284;J.S.K. Karamoy;Gunadarma University;Academy;Indonesia
SCP0156;Jacob Whitlow;Duke University;Academy;United States
SCP0221;Jacob Whitlow;Duke University;Academy;United States
SCP0112;Jaehyeok Lee  ;Pukyong National University  ;Academy;South Korea  
SCP0123;Jaime Alvarado-Valiente;University of Extremadura;Academy;Spain
SCP0350;Jaime Alvarado-Valiente;University of Extremadura;Academy;Spain
SCP0063;Jaime Alvarado-Valiente  ;University of Extremadura;Academy;Spain
SCP0004;Jamal Aqib  ;University of Hail;Academy;Saudi Arabia  
SCP0494;James Fitzjohn;Anglia Ruskin University;Academy;United Kingdom
SCP0202;Javad Doliskani;Ryerson University;Academy;Canada
SCP0355;Javier Berrocal;University of Extremadura;Academy;Spain
WOS1207;Javier Berrocal;University of Extremadura;Academy;Spain
SCP0031;Javier Berrocal  ;University of Extremadura;Academy;Spain
SCP0039;Javier Berrocal  ;University of Extremadura;Academy;Spain
WOS1207;Javier Rojo;University of Extremadura;Academy;Spain
SCP0031;Javier Rojo  ;University of Extremadura;Academy;Spain
SCP0123;Javier Romero-Alvarez;University of Extremadura;Academy;Spain
SCP0350;Javier Romero-Álvarez;University of Extremadura;Academy;Spain
SCP0063;Javier Romero-Álvarez  ;University of Extremadura;Academy;Spain
SCP0051;Javier Verduro  ;University of Castilla-La Mancha;Academy;Spain
SCP0179;Javier Zayas Gallardo;Universidad de Málaga;Academy;Spain
SCP0157;Jean Paul Latyr Faye;CMC Microsystems;Industry;Canada
SCP0167;Jean-Guy Schneider;Deakin University;Academy;Australia
SCP0032;Jesús Ramón Oviedo Lama  ;University of Castilla-La Mancha;Academy;Spain
WOS1255;Jiaming Ye;Kyushu University;Academy;Japan
SCP0136;Jianjun Zhao;Kyushu University;Academy;Japan
SCP0161;Jianjun Zhao;Kyushu University;Academy;Japan
SCP0240;Jianjun Zhao;Kyushu University;Academy;Japan
WOS0011;Jianjun Zhao;Kyushu University;Academy;Japan
WOS0204;Jianjun Zhao;Kyushu University;Academy;Japan
WOS1255;Jianjun Zhao;Kyushu University;Academy;Japan
WOS1516;Jianjun Zhao;Kyushu University;Academy;Japan
ACM0007;Jianjun Zhao  ;Kyushu University;Academy;Japan
SCP0044;Jianjun Zhao  ;Kyushu University;Academy;Japan  
SCP0064;Jianjun Zhao  ;Kyushu University;Academy;Japan  
SCP0307;JianXin Ge;Shanghai Development Center of Computer Software Technology;Academy;China
SCP0307;Jingwei Chen;Qudoor Technologies Inc.;Industry;China
WOS1388;Jingzhe Guo;Tsinghua University;Academy;China
WOS1153;Jiyuan Wang;University of California;Academy;United States
SCP0197;Joao F. Ferreira;University of Lisbon;Academy;Portugal
SCP0251;Johanna Barzen;University of Stuttgart;Academy;Germany
ACM0007;Johanna Barzen  ;University of Stuttgart;Academy;Germany
SCP0230;John Peck;IBM;Industry;United States
SCP0174;Jonas Klamroth;FZI Research Center for Information Technology;Nonprofit Organization;Germany
SCP0386;José A. Cruz-Lemus;University of Castilla-La Mancha;Academy;Spain
SCP0077;José A. Cruz-Lemus  ;University of Castilla-La Mancha;Academy;Spain
SCP0121;José Campos;Universidade de Lisboa;Academy;Portugal
SCP0035;Jose Campos  ;Universidade de Lisboa;Academy;Portugal  
SCP0056;Jose Campos  ;Universidade de Lisboa;Academy;Portugal  
SCP0035;Jose Campos  ;University of Porto;Academy;Portugal  
SCP0069;José Campos  ;University of Lisbon;Academy;Portugal  
SCP0069;José Campos  ;University of Porto;Academy;Portugal  
SCP0123;Jose Garcia-Alonso;University of Extremadura;Academy;Spain
SCP0179;Jose Garcia-Alonso;University of Extremadura;Academy;Spain
SCP0355;Jose Garcia-Alonso;University of Extremadura;Academy;Spain
WOS1207;Jose Garcia-Alonso;University of Extremadura;Academy;Spain
WOS1453;Jose Garcia-Alonso;University of Extremadura;Academy;Spain
SCP0350;José Garcia-Alonso;University of Extremadura;Academy;Spain
ACM0007;Jose Garcia-Alonso  ;University of Extremadura;Academy;Spain
SCP0023;Jose Garcia-Alonso  ;University of Extremadura;Academy;Spain
SCP0032;Jose Garcia-Alonso  ;University of Extremadura;Academy;Spain
SCP0063;Jose Garcia-Alonso  ;University of Extremadura;Academy;Spain
SCP0031;Jose Garcia-Alonso  ;University of Extremadura;Academy;Spain
SCP0043;Jose Garcia-Alonso  ;University of Extremadura;Academy;Spain
SCP0039;Jose García-Alonso  ;University of Extremadura;Academy;Spain
SCP0065;Jose García-Alonso  ;University of Extremadura;Academy;Spain
SCP0057;Jose Luis Hevia  ;aQuantum;Industry;Spain
SCP0026;Jose Luis Hevia  ;aQuantum;Industry;Spain
SCP0076;Jose Luis Hevia  ;aQuantum;Industry;Spain
SCP0002;Jose Luis Hevia  ;Quantum Software Technology;Industry;Spain
SCP0095;José Luis Hevia  ;Quantum Software Technology;Industry;Spain
SCP0073;Jose Luis Hevia Oliver  ;aQuantum;Industry;Spain
WOS0931;Jose Manuel Suarez;National University of La Plata;Academy;Argentina
SCP0482;Juan Bernabe-Moreno;E.ON Digital Technology GmbH;Industry;Germany
SCP0033;Juan Bernabé-Moreno  ;University of Granada  ;Academy;Spain
SCP0123;Juan M. Murillo;Computing and Advanced Technologies Foundation of Extremadura;Nonprofit Organization;Spain
SCP0350;Juan M. Murillo;University of Extremadura;Academy;Spain
WOS1207;Juan M. Murillo;University of Extremadura;Academy;Spain
WOS1453;Juan M. Murillo;University of Extremadura;Academy;Spain
SCP0264;Juan M. Murillo;University of Seville;Academy;Spain
ACM0007;Juan M. Murillo  ;University of Extremadura;Academy;Spain
SCP0023;Juan M. Murillo  ;University of Extremadura;Academy;Spain
SCP0032;Juan M. Murillo  ;University of Extremadura;Academy;Spain
SCP0063;Juan M. Murillo  ;University of Extremadura;Academy;Spain
SCP0065;Juan M. Murillo  ;University of Extremadura;Academy;Spain
SCP0355;Juan M. Murillo  ;University of Extremadura;Academy;Spain
SCP0031;Juan M. Murillo  ;University of Extremadura;Academy;Spain
SCP0039;Juan M. Murillo  ;University of Extremadura;Academy;Spain
SCP0043;Juan M. Murillo  ;University of Extremadura;Academy;Spain
SCP0046;Jukka K. Nurminen  ;University of Helsinki  ;Academy;Finland  
SCP0343;Julian Hans;University of Lübeck;Academy;Germany
SCP0221;Jungsang Kim;Duke University;Academy;United States
WOS0011;Junjie Luo;Kyushu University;Academy;Japan
SCP0221;Junki Kim;Sungkyunkwan University;Academy;South Korea
WOS0072;Kai-Yuan Cai;Beihang University;Academy;China
SCP0112;Kanghyeon Kim  ;Pukyong National University  ;Academy;South Korea  
SCP0099;Kanishk Dwivedi  ;Universität Hamburg;Academy;Germany  
SCP0374;Karl Jansen;Deutsches Elektronen-Synchrotron DESY;Government;Germany
SCP0398;Kartik Singhal;University of Chicago;Academy;United States
SCP0156;Kaustubh Badrike;North Carolina State University;Academy;United States
SCP0156;Kenneth R. Brown;Duke University;Academy;United States
SCP0221;Kenneth R. Brown;Duke University;Academy;United States
SCP0374;Kerstin Borras;Deutsches Elektronen-Synchrotron DESY;Government;Germany
SCP0398;Kesha Hietala;University of Maryland;Academy;United States
WOS1215;Kevin A. Schneider;University of Saskatchewan;Academy;Canada
SCP0167;Kevin Lee;Deakin University;Academy;Australia
SCP0012;Kimmo Halunen  ;University of Oulu;Academy;Finland  
SCP0259;Krysta M. Svore;Columbia University;Academy;United States
SCP0068;Krysta Svore  ;Microsoft Research;Industry;United States  
SCP0061;Larissa Bastos  ;State University of Bahia  ;Academy;Brazil  
SCP0019;Le An  ;École Polytechnique de Montréal;Academy;Canada  
SCP0307;Le Luo;Sun Yat-Sen University;Academy;China
SCP0191;Lea Hannola;Lappeenranta-Lahti University of Technology;Academy;Finland
SCP0163;Leandro Antonelli;Universidad Abierta Interamericana;Academy;Argentina
SCP0163;Leandro Antonelli;National University of La Plata;Academy;Argentina
WOS1255;Lei Ma;University of Alberta;Academy;Canada
SCP0161;Lei Ma;Kyushu University;Academy;Japan
WOS1255;Lei Ma;University of Tokyo;Academy;Japan
SCP0202;Lei Zhang;Ryerson University;Academy;Canada
SCP0230;Lei Zhang;Toronto Metropolitan University;Academy;Canada
SCP0149;Lei Zhang;University of Maryland;Academy;United States
SCP0103;Lei Zhang  ;Ryerson University;Academy;Canada  
SCP0089;Lei Zhang  ;University of Maryland;Academy;United States  
SCP0156;Leon Riesebos;Duke University;Academy;United States
SCP0221;Leon Riesebos;Duke University;Academy;United States
SCP0094;Lianyong Qi  ;China University of Petroleum;Academy;China  
WOS0072;Linzhi Huang;Beihang University;Academy;China
SCP0347;Liudmyla V. Lehka;Krivyi Rih State Pedagogical University;Academy;Ukraine
SCP0310;Lodovica Marchesi;University of Cagliari;Academy;Italy
SCP0053;Lorenzo Saraiva  ;Pontifícia Universidade Católica do Rio de Janeiro  ;Academy;Brazil  
WOS0127;Luca Traini;University of L'Aquila;Academy;Italy
WOS1314;Luis Jimenez-Navajas;University of Castilla-La Mancha;Academy;Spain
SCP0261;Luis Jiménez-Navajas;aQuantum;Industry;Spain
SCP0168;Luis Jiménez-Navajas;University of Castilla-La Mancha;Academy;Spain
SCP0256;Luis Jiménez-Navajas;University of Castilla-La Mancha;Academy;Spain
SCP0261;Luis Jiménez-Navajas;University of Castilla-La Mancha;Academy;Spain
SCP0047;Luis Jiménez-Navajas  ;aQuantum;Industry;Spain
SCP0022;Luis Jiménez-Navajas  ;University of Castilla-La Mancha;Academy;Spain
SCP0047;Luis Jiménez-Navajas  ;University of Castilla-La Mancha;Academy;Spain
WOS1453;Luis Mariano Bibbo;National University of La Plata;Academy;Argentina
WOS0931;Luis Mariano Bibbo;National University of La Plata;Academy;Argentina
SCP0023;Luis Mariano Bibbo  ;National University of La Plata;Academy;Argentina  
SCP0038;Luis S. Barbosa  ;INL - International Iberian Nanotechnology Laboratory  ;Academy;Portugal  
SCP0038;Luis S. Barbosa  ;Universidade do Minho  ;Academy;Portugal  
SCP0038;Luis S. Barbosa  ;UNU-EGOV - United Nations University  ;Academy;Portugal  
WOS0019;M. Ohki;Nippon Institute of Technology;Academy;Japan
SCP0054;Macario Polo Usaola  ;University of Castilla-La Mancha;Academy;Spain
SCP0116;Mahdi Fahmideh;University of Southern Queensland;Academy;Australia
SCP0001;Mahdi Fahmideh  ;University of Southern Queensland;Academy;Australia  
SCP0024;Mahdi Fahmideh  ;University of Southern Queensland;Academy;Australia  
SCP0087;Mahdi Fahmideh  ;University of Southern Queensland;Academy;Australia  
SCP0116;Mahmood Niazi;King Fahd University of Petroleum and Minerals;Academy;Saudi Arabia
SCP0279;Mahmood Niazi;King Fahd University of Petroleum and Minerals;Academy;Saudi Arabia
SCP0279;Mahmood Niazi;King Fahd University of Petroleum and Minerals;Academy;Saudi Arabia
SCP0089;Mahsa Radnejad  ;Islamic Azad University;Academy;Iran  
SCP0355;Majid Haghparast;University of Jyväskylä;Academy;Finland
SCP0005;Majid Haghparast  ;University of Jyväskylä;Academy;Finland  
SCP0043;Majid Haghparast  ;University of Jyväskylä;Academy;Finland  
SCP0046;Majid Haghparast  ;University of Jyväskylä;Academy;Finland  
SCP0099;Majid Haghparast  ;University of Jyväskylä;Academy;Finland  
SCP0326;Manfred Hauswirth;Fraunhofer Institute for Open Communication Systems;Academy;Germany
SCP0326;Manfred Hauswirth;Technische Universität Berlin;Academy;Germany
SCP0077;Manuel A. Serrano Martín;University of Castilla-La Mancha;Academy;Spain
WOS0523;Manuel A. Serrano Martín;University of Castilla-La Mancha;Academy;Spain
SCP0054;Manuel Ángel Serrano  ;University of Castilla-La Mancha;Academy;Spain
SCP0115;Manuel De Stefano;University of Salerno;Academy;Italy
SCP0138;Manuel De Stefano;University of Salerno;Academy;Italy
SCP0158;Manuel De Stefano;University of Salerno;Academy;Italy
SCP0059;Manuel De Stefano  ;University of Salerno;Academy;Italy  
SCP0082;Manuel De Stefano  ;University of Salerno;Academy;Italy  
SCP0108;Manuel De Stefano  ;University of Salerno;Academy;Italy  
WOS1192;Manuel Mazzara;Innopolis University;Academy;Russia
SCP0076;Manuel Serrano  ;University of Castilla-La Mancha;Academy;Spain
SCP0172;Manuel Wimmer;Johannes Kepler University Linz;Academy;Austria
SCP0184;Manuel Wimmer;Johannes Kepler University Linz;Academy;Austria
SCP0067;Manuel Wimmer  ;Johannes Kepler University Linz;Academy;Austria  
SCP0072;Manuel Wimmer  ;Johannes Kepler University Linz;Academy;Austria  
ACM0007;Manuel Wimmer  ;Johannes Kepler University Linz;Academy;Spain
SCP0061;Márcio Ribeiro  ;Federal University of Alagoas  ;Academy;Brazil  
SCP0053;Marcos Kalinowski  ;Pontifícia Universidade Católica do Rio de Janeiro  ;Academy;Brazil  
SCP0353;Maria Orfanaki;University of Macedonia;Academy;Greece
SCP0656;Maria Teresa Baldassarre;University of Bari Aldo Moro;Academy;Italy
WOS0121;Maria Teresa Merchan Quintana;University of Castilla-La Mancha;Academy;Spain
WOS1366;Marian Lingsch Rosenfeld;Ludwig Maximilian University of Munich;Academy;Germany
SCP0183;Mariia Mykhailova;Microsoft Quantum;Industry;United States
SCP0033;Marina Fernández-Campoamor  ;E.ON Digital Technology GmbH;Industry;Germany  
SCP0225;Mario Gerardo Piattini Velthuis;University of Castilla-La Mancha;Academy;Spain
SCP0168;Mario Piattini;University of Castilla-La Mancha;Academy;Spain
SCP0256;Mario Piattini;University of Castilla-La Mancha;Academy;Spain
SCP0287;Mario Piattini;University of Castilla-La Mancha;Academy;Spain
SCP0386;Mario Piattini;University of Castilla-La Mancha;Academy;Spain
WOS1314;Mario Piattini;University of Castilla-La Mancha;Academy;Spain
WOS0121;Mario Piattini;University of Castilla-La Mancha;Academy;Spain
SCP0261;Mario Piattini;University of Castilla-La Mancha;Academy;Spain
SCP0047;Mario Piattini  ;aQuantum;Industry;Spain
SCP0057;Mario Piattini  ;aQuantum;Industry;Spain
SCP0057;Mario Piattini  ;aQuantum;Industry;Spain
SCP0095;Mario Piattini  ;aQuantum;Industry;Spain
SCP0026;Mario Piattini  ;aQuantum;Industry;Spain
SCP0026;Mario Piattini  ;University of Castilla-La Mancha;Academy;Spain
ACM0007;Mario Piattini  ;University of Castilla-La Mancha;Academy;Spain
SCP0002;Mario Piattini  ;University of Castilla-La Mancha;Academy;Spain
SCP0022;Mario Piattini  ;University of Castilla-La Mancha;Academy;Spain
SCP0047;Mario Piattini  ;University of Castilla-La Mancha;Academy;Spain
SCP0051;Mario Piattini  ;University of Castilla-La Mancha;Academy;Spain
SCP0052;Mario Piattini  ;University of Castilla-La Mancha;Academy;Spain
SCP0054;Mario Piattini  ;University of Castilla-La Mancha;Academy;Spain
SCP0076;Mario Piattini  ;University of Castilla-La Mancha;Academy;Spain
SCP0077;Mario Piattini  ;University of Castilla-La Mancha;Academy;Spain
SCP0092;Mario Piattini  ;University of Castilla-La Mancha;Academy;Spain
SCP0095;Mario Piattini  ;University of Castilla-La Mancha;Academy;Spain
SCP0156;Marissa D'Onofrio;Duke University;Academy;United States
SCP0106;Mark Fingerhuth  ;ProteinQure Inc.  ;Industry;Canada  
SCP0106;Mark Fingerhuth  ;University of KwaZulu-Natal  ;Academy;South Africa
SCP0221;Mark Kuzyk;Duke University;Academy;United States
SCP0279;Marko Paavola;VTT Technical Research Centre of Finland;Industry;Finland
SCP0067;Martin Eisenberg  ;Johannes Kepler University Linz;Academy;Austria  
WOS1152;Maryam Tavassoli Sabzevari;University of Oulu;Academy;Finland
SCP0107;Maryam Tavassoli Sabzevari  ;University of Oulu;Academy;Finland  
WOS0348;Masaomi Yamaguchi;Fujitsu Ltd;Industry;Japan
SCP0183;Mathias Soeken;Microsoft Quantum;Industry;United States
WOS1152;Matteo Esposito;University of Rome Tor Vergata;Academy;Italy
SCP0107;Matteo Esposito  ;University of Rome Tor Vergata;Academy;Italy  
SCP0016;Matteo Paltenghi  ;University of Stuttgart;Academy;Germany  
SCP0374;Matthias Riebisch;Universität Hamburg;Academy;Germany
SCP0068;Matthias Troyer  ;ETH Zurich  ;Academy;Switzerland  
SCP0068;Matthias Troyer  ;Microsoft Research;Industry;United States  
SCP0068;Matthias Troyer  ;Microsoft Research;Industry;United States  
SCP0174;Max Scheerer;FZI Research Center for Information Technology;Nonprofit Organization;Germany
SCP0296;Maximilian Kaul;Fraunhofer AISEC;Academy;Germany
WOS1215;Md Nadim;University of Saskatchewan;Academy;Canada
SCP0282;Md Tarique Jamal Ansari;Babasaheb Bhimrao Ambedkar University;Academy;India
SCP0230;Michael Gray;IBM;Industry;Australia
SCP0016;Michael Pradel  ;University of Stuttgart;Academy;Germany  
SCP0251;Michael Zimmermann;University of Stuttgart;Academy;Germany
SCP0052;Michal Baczyk  ;University of Castilla-La Mancha;Academy;Spain
SCP0310;Michele Marchesi;Netservice spa;Industry;Italy
SCP0310;Michele Marchesi;University of Cagliari;Academy;Italy
WOS0523;Michele Scalera;University of Bari;Academy;Italy
SCP0656;Michele Scalera;University of Bari Aldo Moro;Academy;Italy
SCP0197;Miguel Trinca;University of Lisbon;Academy;Portugal
SCP0228;Mingsheng Ying;University of Technology Sydney;Academy;Australia
WOS0017;Mingsheng Ying;University of Technology Sydney;Academy;Australia
SCP0066;﻿Mingsheng Ying;University of Technology Sydney;Academy;Australia  
SCP0228;Mingsheng Ying;Chinese Academy of Sciences;Academy;China
WOS1388;Mingsheng Ying;Chinese Academy of Sciences;Academy;China
SCP0066;﻿Mingsheng Ying;Chinese Academy of Sciences;Academy;China
SCP0066;﻿Mingsheng Ying;Tsinghua University;Academy;China
SCP0228;Mingsheng Ying;Tsinghua University;Academy;China
WOS0017;Mingsheng Ying;Tsinghua University;Academy;China
WOS1388;Mingsheng Ying;Tsinghua University;Academy;China
SCP0390;Mirko De Vincentiis;University of Bari;Academy;Italy
SCP0656;Mirko De Vincentiis;University of Bari Aldo Moro;Academy;Italy
WOS1153;Miryung Kim;University of California;Academy;United States
WOS1192;Mohamad Nour Shahin;Innopolis University;Academy;Russia
WOS1192;Mohamad Nour Shahin;QDeep;Industry;Russia
SCP0027;Mohamed Raed El Aoun  ;Polytechnique Montréal  ;Academy;Canada  
SCP0394;Mohammad Alia;Al-Zaytoonah University of Jordan;Academy;Jordan
SCP0177;Mohammad Kordzanganeh;Terra Quantum AG;Industry;Switzerland
SCP0394;Mohammad Masoud;Al-Zaytoonah University of Jordan;Academy;Jordan
SCP0019;Mohammad Mehdi Morovati  ;École Polytechnique de Montréal;Academy;Canada  
SCP0134;Mohammad Nadeem;Aligarh Muslim University;Academy;India
WOS1192;Mohammad Reza Bahrami;Innopolis University;Academy;Russia
WOS1192;Mohammad Reza Bahrami;Samarkand International University of Technology;Academy;Uzbekistan
SCP0134;Mohammad Shameem;MIT World Peace University;Academy;India
SCP0024;Mohammad Shameem  ;Koneru Lakshmaiah Education Foundation  ;Academy;India  
SCP0279;Mohammed Naif Alatawi;University of Tabuk;Academy;Saudi Arabia
SCP0282;Mohd Nadeem;Babasaheb Bhimrao Ambedkar University;Academy;India
SCP0063;Moises Rodriguez Monje;University of Castilla-La Mancha;Academy;Spain
SCP0051;Moises Rodriguez Monje;University of Castilla-La Mancha;Academy;Spain
WOS0121;Moises Rodriguez Monje;University of Castilla-La Mancha;Academy;Spain
SCP0225;Moisés Rodríguez Monje;AQCLab Software Quality;Industry;Spain
SCP0225;Moisés Rodríguez Monje;University of Castilla-La Mancha;Academy;Spain
SCP0032;Moisés Rodríguez Monje  ;University of Castilla-La Mancha;Academy;Spain
SCP0019;Moses Openja  ;École Polytechnique de Montréal;Academy;Canada  
SCP0027;Moses Openja  ;Polytechnique Montréal  ;Academy;Canada  
SCP0019;Mouna Abidi  ;École Polytechnique de Montréal;Academy;Canada  
SCP0122;Mst Shamima Aktar;Wuhan University;Academy;China
SCP0134;Muhammad Azeem Akbar;Lappeenranta-Lahti University of Technology;Academy;Finland
SCP0279;Muhammad Azeem Akbar;Lappeenranta-Lahti University of Technology;Academy;Finland
SCP0024;Muhammad Azeem Akbar  ;Lappeenranta-Lahti University of Technology;Academy;Finland  
SCP0021;Muhammad Azeem Akbar  ;Lappeenranta-Lahti University of Technology;Academy;Finland  
SCP0088;Muhammad Azeem Akbar  ;Lappeenranta-Lahti University of Technology;Academy;Finland  
SCP0094;Muhammad Bilal  ;Hankuk University of Foreign Studies  ;Academy;South Korea  
WOS0127;Muhammad Imran;University of L'Aquila;Academy;Italy
WOS1155;Muhammad Kashif;Hamad Bin Khalifa University;Academy;Qatar
SCP0086;Muhammad Usman  ;CSIRO;Government;Australia  
SCP0086;Muhammad Usman  ;University of Melbourne  ;Academy;Australia  
SCP0116;Muhammad Waseem;Wuhan University;Academy;China
SCP0122;Muhammad Waseem;University of Jyväskylä;Academy;Finland
SCP0001;Muhammad Waseem  ;Wuhan University;Academy;China  
SCP0087;Muhammad Waseem  ;Wuhan University;Academy;China  
SCP0005;Muhammad Waseem  ;University of Jyväskylä;Academy;Finland  
SCP0024;Muhammad Waseem  ;University of Jyväskylä;Academy;Finland  
SCP0157;Mushahid Khan;Ryerson University;Academy;Canada
SCP0081;Muthukumaran Malarvel  ;Hindustan Institute Of Technology And Sciences  ;Academy;India  
SCP0485;Nan Wu;Nanjing University;Academy;China
SCP0485;Nan Wu;Nanjing University;Academy;China
SCP0127;Natalia Lemesheva;Ivan Kozhedub Kharkiv National Air Force University;Academy;Ukraine
SCP0066;Nengkun Yu;University of Technology Sydney;Academy;Australia  
SCP0066;Nengkun Yu;Chinese Academy of Sciences;Academy;China
SCP0066;Nengkun Yu;Tsinghua University;Academy;China
SCP0355;Niko Mäkitalo;University of Jyväskylä;Academy;Finland
SCP0326;Nikolay Tcholtchev;Fraunhofer Institute for Open Communication Systems;Academy;Germany
SCP0062;Nikolay Tcholtchev  ;Fraunhofer Institute for Open Communication Systems;Academy;Germany  
SCP0005;Niraj Dayama  ;University of Jyväskylä;Academy;Finland  
WOS0348;Nobukazu Yoshioka;National Institute of Informatics;Academy;Japan
WOS0348;Nobukazu Yoshioka;Waseda University;Academy;Japan
SCP0387;Olaf Maibaum;German Aerospace Center;Government;Germany
SCP0127;Olha Suprun;National Aviation University;Academy;Ukraine
SCP0174;Oliver Denninger;FZI Research Center for Information Technology;Nonprofit Organization;Germany
SCP0394;Omar Alheyasat;AlBalqa’ Applied University;Academy;Jordan
WOS0931;Oscar Pastor;Universitat Politècnica de València;Academy;Spain
SCP0186;Otso Kinanen;University of Jyväskylä;Academy;Finland
SCP0032;Pablo García Bringas  ;Universidad de Deusto  ;Academy;Spain
SCP0074;Paola Spoletini  ;Kennesaw State University  ;Academy;United States  
WOS1255;Paolo Arcaini;National Institute of Informatics;Academy;China
SCP0342;Paolo Arcaini;National Institute of Informatics;Academy;Japan
SCP0609;Paolo Arcaini;National Institute of Informatics;Academy;Japan
WOS0157;Paolo Arcaini;National Institute of Informatics;Academy;Japan
WOS0916;Paolo Arcaini;National Institute of Informatics;Academy;Japan
WOS0956;Paolo Arcaini;National Institute of Informatics;Academy;Japan
WOS1249;Paolo Arcaini;National Institute of Informatics;Academy;Japan
WOS1251;Paolo Arcaini;National Institute of Informatics;Academy;Japan
ACM0007;Paolo Arcaini  ;National Institute of Informatics;Academy;Japan
SCP0011;Paolo Arcaini  ;National Institute of Informatics;Academy;Japan  
SCP0111;Paolo Arcaini  ;National Institute of Informatics;Academy;Japan  
SCP0260;Paul Schnabl;University of Technology Graz;Academy;Austria
SCP0012;Pauli Taipale  ;OP Financial Group  ;Industry;Finland  
SCP0128;Pedro Sánchez;Universidad Politécnica de Cartagena;Academy;Spain
SCP0104;Pedro Sánchez  ;Universidad Politécnica de Cartagena;Academy;Spain
WOS1516;Peixun Long;Chinese Academy of Sciences;Academy;China
WOS1516;Peixun Long;University of Chinese Academy of Sciences;Academy;China
SCP0087;Pekka Abrahamsson  ;Tampere University;Academy;Finland  
SCP0122;Peng Liang;Wuhan University;Academy;China
SCP0087;Peng Liang  ;Wuhan University;Academy;China  
SCP0161;Pengzhan Zhao;Kyushu University;Academy;Japan
WOS0011;Pengzhan Zhao;Kyushu University;Academy;Japan
WOS0204;Pengzhan Zhao;Kyushu University;Academy;Japan
SCP0127;Petar Halachev;University of Chemical Technology and Metallurgy;Academy;Bulgaria
SCP0106;Peter Wittek  ;Creative Destruction Lab  ;Nonprofit Organization;Canada  
SCP0106;Peter Wittek  ;Perimeter Institute for Theoretical Physics;Academy;Canada  
SCP0106;Peter Wittek  ;University of Toronto  ;Academy;Canada  
SCP0106;Peter Wittek  ;Vector Institute for Artificial Intelligence  ;Nonprofit Organization;Canada  
SCP0012;Petri Liimatta  ;OP Financial Group  ;Industry;Finland  
SCP0085;Pierre Bourque  ;École de Technologie Supérieure  ;Academy;Canada  
SCP0659;Pooja Jha;Amity University Jharkhand;Academy;India
SCP0266;Prateek Singh;Kalinga Institute of Industrial Technology;Academy;India
SCP0659;Preety Shoran;Dr. Akhilesh Das Gupta Institute of Technology and Management;Academy;India
WOS1153;Qian Zhang;University of California;Academy;United States
SCP0307;QianQian Qu;Shanghai Polytechnic University;Academy;China
SCP0525;Qiaoyan Wen;Beijing University of Posts and Telecommunications;Academy;China
SCP0035;Qihong Chen  ;University of California;Academy;United States  
SCP0003;R. Juárez-Ramírez  ;Universidad Autónoma de Baja California  ;Academy;Mexico  
SCP0284;R. Refianti;Gunadarma University;Academy;Indonesia
SCP0282;Raees Ahmad Khan;Babasaheb Bhimrao Ambedkar University;Academy;India
SCP0280;Rafael M. de Mello;Universidade Federal do Rio de Janeiro;Academy;Brazil
SCP0282;Rajeev Kumar;Babu Banarasi Das University;Academy;India
SCP0086;Rajkumar Buyya  ;University of Melbourne  ;Academy;Australia  
SCP0191;Raman Kumar Goyal;Thapar Institute of Engineering and Technology;Academy;India
SCP0482;Raul Berganza Gomez;E.ON Digital Technology GmbH;Industry;Germany
SCP0177;Ray-Kuang Lee;Center for Quantum Technology;Government;Taiwan
SCP0177;Ray-Kuang Lee;National Center for Theoretical Sciences;Government;Taiwan
SCP0177;Ray-Kuang Lee;National Tsing Hua University;Academy;Taiwan
SCP0177;Ray-Kuang Lee;National Tsing Hua University;Academy;Taiwan
WOS1314;Ricardo Pérez-Castillo;University of Castilla-La Mancha;Academy;Spain
SCP0168;Ricardo Pérez-Castillo;University of Castilla-La Mancha;Academy;Spain
SCP0256;Ricardo Pérez-Castillo;University of Castilla-La Mancha;Academy;Spain
SCP0287;Ricardo Pérez-Castillo;University of Castilla-La Mancha;Academy;Spain
SCP0076;Ricardo Perez-Castillo  ;University of Castilla-La Mancha;Academy;Spain
SCP0077;Ricardo Perez-Castillo  ;University of Castilla-La Mancha;Academy;Spain
SCP0047;Ricardo Pérez-Castillo  ;aQuantum;Industry;Spain
ACM0007;Ricardo Pérez-Castillo  ;University of Castilla-La Mancha;Academy;Spain
SCP0022;Ricardo Pérez-Castillo  ;University of Castilla-La Mancha;Academy;Spain
SCP0047;Ricardo Pérez-Castillo  ;University of Castilla-La Mancha;Academy;Spain
SCP0052;Ricardo Pérez-Castillo  ;University of Castilla-La Mancha;Academy;Spain
SCP0092;Ricardo Pérez-Castillo  ;University of Castilla-La Mancha;Academy;Spain
SCP0261;Ricardo Pérez-Castillo  ;aQuantum;Industry;Spain
SCP0261;Ricardo Pérez-Castillo  ;University of Castilla-La Mancha;Academy;Spain
SCP0057;Ricardo Pérez-Castillo  ;University of Castilla-La Mancha;Academy;Spain
SCP0057;Ricardo Pérez-Castillo  ;University of Castilla-La Mancha;Academy;Spain
WOS0127;Riccardo Rubei;University of L'Aquila;Academy;Italy
SCP0266;Ritangshu Dasgupta;Kalinga Institute of Industrial Technology;Academy;India
SCP0199;Robert J. Hall;﻿AT&T Labs Research;Industry;United States
SCP0398;Robert Rand;University of Chicago;Academy;United States
WOS0888;Robert Rand;University of Chicago;Academy;United States
WOS0888;Robert Soule;Yale University;Academy;United States
SCP0172;Robert Wille;Technical University of Munich;Academy;Germany
SCP0310;Roberto Tonelli;University of Cagliari;Academy;Italy
SCP0245;Rodney Van Meter;Keio University;Academy;Japan
SCP0245;Rodney Van Meter;Keio University;Academy;Japan
SCP0245;Rodney Van Meter;Keio University;Academy;Japan
SCP0260;Roland Unterberger;JOANNEUM RESEARCH;Industry;Austria
SCP0035;Ruben Camara  ;Universidade de Lisboa;Academy;Portugal  
SCP0197;Rui Abreu;University of Porto;Academy;Portugal
SCP0200;Rui Abreu;University of Porto;Academy;Portugal
SCP0056;Rui Abreu  ;University of Porto;Academy;Portugal  
SCP0069;Rui Abreu  ;University of Porto;Academy;Portugal  
SCP0066;Runyao Duan;University of Technology Sydney;Academy;Australia  
SCP0066;Runyao Duan;Chinese Academy of Sciences;Academy;China
SCP0066;Runyao Duan;Tsinghua University;Academy;China
SCP0272;S.V. Ulyanov;Dubna University;Academy;Russia
WOS1155;Saif Al-Kuwari;Hamad Bin Khalifa University;Academy;Qatar
SCP0021;Saima Rafi  ;﻿Edinburgh Napier University;Academy;United Kingdom  
SCP0088;Saima Rafi  ;﻿Edinburgh Napier University;Academy;United Kingdom  
SCP0021;Sajjad Mahmood  ;﻿Fahd University of Petroleum and Minerals;Academy;Saudi Arabia  
SCP0967;Salma El Koutbi;University Mohamed V;Academy;Morocco
SCP0003;Samantha Jiménez  ;Universidad Autónoma de Baja California  ;Academy;Mexico  
SCP0152;Sami Hyrynsalmi;Lappeenranta-Lahti University of Technology;Academy;Finland
SCP0195;Samuel Magaz-Romero;Universidade da Coruña;Academy;Spain
SCP0156;Samuel Phiri;Duke University;Academy;United States
SCP0221;Samuel Phiri;Duke University;Academy;United States
SCP0163;Samuel Sepúlveda;Universidad de La Frontera;Academy;Chile
SCP0287;Samuel Sepúlveda;Universidad de La Frontera;Academy;Chile
SCP0300;Samyak Jhaveri;University of California;Academy;United States
SCP0245;Sara Ayman Metwalli;Keio University;Academy;Japan
SCP0245;Sara Ayman Metwalli;Keio University;Academy;Japan
SCP0398;Sarah Marshall;Microsoft Quantum;Industry;United States
SCP0081;Sathishkumar Nagarajan  ;Hindustan Institute Of Technology And Sciences  ;Academy;India  
WOS0223;Sebastian Pombo Mott;Universidad ORT;Academy;Uruguay
SCP0386;Sergio Jiménez-Fernández;University of Castilla-La Mancha;Academy;Spain
WOS0888;Seun Omonije;Yale University;Academy;United States
WOS1255;Shangzhou Xia;Kyushu University;Academy;Japan
SCP0342;Shaukat Ali;Oslo Metropolitan University;Academy;Norway
SCP0609;Shaukat Ali;Oslo Metropolitan University;Academy;Norway
WOS0916;Shaukat Ali;Oslo Metropolitan University;Academy;Norway
WOS1249;Shaukat Ali;Oslo Metropolitan University;Academy;Norway
SCP0169;Shaukat Ali;Simula Research Laboratory;Government;Norway
SCP0200;Shaukat Ali;Simula Research Laboratory;Government;Norway
SCP0342;Shaukat Ali;Simula Research Laboratory;Government;Norway
SCP0609;Shaukat Ali;Simula Research Laboratory;Government;Norway
WOS0157;Shaukat Ali;Simula Research Laboratory;Government;Norway
WOS0916;Shaukat Ali;Simula Research Laboratory;Government;Norway
WOS0956;Shaukat Ali;Simula Research Laboratory;Government;Norway
WOS1249;Shaukat Ali;Simula Research Laboratory;Government;Norway
WOS1251;Shaukat Ali;Simula Research Laboratory;Government;Norway
ACM0007;Shaukat Ali  ;Simula Research Laboratory;Government;Norway
SCP0011;Shaukat Ali  ;Oslo Metropolitan University;Academy;Norway  
SCP0111;Shaukat Ali  ;Oslo Metropolitan University;Academy;Norway  
SCP0091;Shaukat Ali  ;Simula Research Laboratory;Government;Norway  
SCP0142;Shinobu Saito;NTT Computer and Data Science Laboratories;Academy;Japan
SCP0279;Shoayee Dlaim Alotaibi;University of Hail;Academy;Saudi Arabia
WOS0011;Shuhan Lan;Kyushu University;Academy;Japan
WOS0204;Shuhan Lan;Kyushu University;Academy;Japan
SCP0174;Simon Garhofer;University of Tübingen;Academy;Germany
SCP0353;Stavros Souravlas;University of Macedonia;Academy;Greece
SCP0067;Stefan Klikovits  ;Johannes Kepler University Linz;Academy;Austria  
SCP0072;Stefan Klikovits  ;Johannes Kepler University Linz;Academy;Austria  
SCP0405;Stephanie Wehner;QuTech;Industry;Netherlands
WOS1192;Suleiman Karim Eddin;Innopolis University;Academy;Russia
WOS1192;Suleiman Karim Eddin;QDeep;Industry;Russia
SCP0343;Sven Groppe;University of Lübeck;Academy;Germany
SCP0347;Svitlana V. Shokaliuk;Krivyi Rih State Pedagogical University;Academy;Ukraine
WOS0157;Tao Yue;Nanjing University of Aeronautics and Astronautics;Academy;China
WOS0956;Tao Yue;Nanjing University of Aeronautics and Astronautics;Academy;China
WOS1251;Tao Yue;Nanjing University of Aeronautics and Astronautics;Academy;China
SCP0169;Tao Yue;Simula Research Laboratory;Government;Norway
SCP0200;Tao Yue;Simula Research Laboratory;Government;Norway
SCP0342;Tao Yue;Simula Research Laboratory;Government;Norway
SCP0609;Tao Yue;Simula Research Laboratory;Government;Norway
WOS0157;Tao Yue;Simula Research Laboratory;Government;Norway
WOS0916;Tao Yue;Simula Research Laboratory;Government;Norway
WOS0956;Tao Yue;Simula Research Laboratory;Government;Norway
WOS1249;Tao Yue;Simula Research Laboratory;Government;Norway
WOS1251;Tao Yue;Simula Research Laboratory;Government;Norway
ACM0007;Tao Yue  ;Beihang University;Academy;China
SCP0011;Tao Yue  ;Simula Research Laboratory;Government;Norway  
SCP0091;Tao Yue  ;Simula Research Laboratory;Government;Norway  
SCP0111;Tao Yue  ;Simula Research Laboratory;Government;Norway  
SCP0061;Tássio Virgínio  ;Universidade Federal da Bahia  ;Academy;Brazil  
SCP0012;Teiko Heinosaari  ;University of Jyväskylä;Academy;Finland  
SCP0354;Thien Nguyen;Oak Ridge National Laboratory;Academy;United States
SCP0387;Thijs Wendrich;Leibniz University Hannover;Academy;Germany
WOS1366;Thomas Gabor;Ludwig Maximilian University of Munich;Academy;Germany
SCP0068;Thomas Häner  ;ETH Zurich  ;Academy;Switzerland  
SCP0044;Tiancheng Jin  ;Kyushu University;Academy;Japan  
SCP0156;Tianyi Chen;Duke University;Academy;United States
SCP0221;Tianyi Chen;Duke University;Academy;United States
SCP0387;Tobias Franz;German Aerospace Center;Government;Germany
SCP0084;Tom Kruger  ;Technical University of Applied Sciences Regensburg  ;Academy;Germany  
SCP0326;Tom Ritter;Fraunhofer Institute for Open Communication Systems;Academy;Germany
SCP0374;Tom Weber;Universität Hamburg;Academy;Germany
SCP0106;Tomáš Babej  ;ProteinQure Inc.  ;Industry;Canada  
SCP0116;Tommi Mikkonen;University of Jyväskylä;Academy;Finland
SCP0186;Tommi Mikkonen;University of Jyväskylä;Academy;Finland
SCP0190;Tommi Mikkonen;University of Jyväskylä;Academy;Finland
SCP0355;Tommi Mikkonen;University of Jyväskylä;Academy;Finland
SCP0087;Tommi Mikkonen  ;Tampere University;Academy;Finland  
SCP0001;Tommi Mikkonen  ;University of Jyväskylä;Academy;Finland  
SCP0005;Tommi Mikkonen  ;University of Jyväskylä;Academy;Finland  
SCP0012;Tommi Mikkonen  ;University of Jyväskylä;Academy;Finland  
SCP0024;Tommi Mikkonen  ;University of Jyväskylä;Academy;Finland  
SCP0043;Tommi Mikkonen  ;University of Jyväskylä;Academy;Finland  
SCP0046;Tommi Mikkonen  ;University of Jyväskylä;Academy;Finland  
SCP0099;Tommi Mikkonen  ;University of Jyväskylä;Academy;Finland  
SCP0085;Tuna Hacaloglu  ;École de Technologie Supérieure  ;Academy;Canada  
SCP0085;Tuna Hacaloglu  ;Atilim University  ;Academy;Turkey  
SCP0157;Udson C. Mendes;CMC Microsystems;Industry;Canada
SCP0191;Usama Awan;Lappeenranta-Lahti University of Technology;Academy;Finland
SCP0272;V.V. Korenkov;Dubna University;Academy;Russia
SCP0116;Valtteri Lahtinen;Quanscient;Industry;Finland
SCP0279;Valtteri Lahtinen;Quanscient;Industry;Finland
SCP0024;Valtteri Lahtinen  ;Quanscient;Industry;Finland  
SCP0659;Vandana Sharma;Christ University;Academy;India
SCP0053;Vaston Costa  ;Universidade Federal de Catalão  ;Academy;Brazil  
SCP0003;Verónica Tapia-Ibarra  ;Instituto Tecnológico de León  ;Academy;Mexico  
SCP0195;Vicente Moret-Bonillo;Universidade da Coruña;Academy;Spain
SCP0266;Vikas Hassija;Kalinga Institute of Industrial Technology;Academy;India
SCP0266;Vinay Chamola;Birla Institute of Technology and Science;Academy;India
WOS0523;Vita Santa Barletta;University of Bari;Academy;Italy
SCP0132;Vita Santa Barletta;University of Bari Aldo Moro;Academy;Italy
SCP0369;Vita Santa Barletta;University of Bari Aldo Moro;Academy;Italy
WOS0127;Vittorio Cortellessa;University of L'Aquila;Academy;Italy
SCP0186;Vlad Stirbu;University of Jyväskylä;Academy;Finland
SCP0190;Vlad Stirbu;University of Jyväskylä;Academy;Finland
SCP0355;Vlad Stirbu;University of Jyväskylä;Academy;Finland
SCP0005;Vlad Stirbu  ;University of Jyväskylä;Academy;Finland  
SCP0012;Vlad Stirbu  ;University of Jyväskylä;Academy;Finland  
SCP0046;Vlad Stirbu  ;University of Jyväskylä;Academy;Finland  
SCP0282;Wael Alosaimi;Taif University;Academy;Saudi Arabia
SCP0421;Walid Abdelmoez;Arab Academy for Science and Technology;Academy;Egypt
SCP0230;Walid Rjaibi;IBM;Industry;Canada
SCP0094;Wenwen Gong  ;Tsinghua University;Academy;China  
SCP0084;Wolfgang Mauerer  ;Siemens AG  ;Industry;Germany  
SCP0084;Wolfgang Mauerer  ;Technical University of Applied Sciences Regensburg  ;Academy;Germany  
SCP0485;Xiangdong Li;City University of New York;Academy;United States
SCP0094;Xiaolong Xu  ;Nanjing University of Information Science and Technology  ;Academy;China  
SCP0094;Xiaoyu Xia  ;RMIT University  ;Academy;Australia  
WOS0157;Xinyi Wang;Nanjing University of Aeronautics and Astronautics;Academy;China
WOS1251;Xinyi Wang;Nanjing University of Aeronautics and Astronautics;Academy;China
SCP0342;Xinyi Wang;Simula Research Laboratory;Government;Norway
SCP0609;Xinyi Wang;Simula Research Laboratory;Government;Norway
WOS1249;Xinyi Wang;Simula Research Laboratory;Government;Norway
SCP0342;Xinyi Wang;University of Oslo;Academy;Norway
SCP0609;Xinyi Wang;University of Oslo;Academy;Norway
SCP0525;Xiufeng Zhang;Beijing University of Posts and Telecommunications;Academy;China
SCP0094;Xudong Zhao  ;Nanjing University of Information Science and Technology  ;Academy;China  
SCP0307;XueZhong Wu;Shanghai Development Center of Computer Software Technology;Academy;China
WOS0019;Y. Kambayashi;Nippon Institute of Technology;Academy;Japan
SCP0221;Ye Wang;Duke University;Academy;United States
SCP0127;Yevhenii Tytarchuk;Vinnytsia National Agrarian University;Academy;Ukraine
SCP0112;Yong Kwon  ;Pukyong National University  ;Academy;South Korea  
SCP0394;Yousef Jaradat;Al-Zaytoonah University of Jordan;Academy;Jordan
SCP0983;Yu-Chen Tsai;National Pingtung University;Academy;Taiwan
SCP0983;Yu-Hong Li;National Pingtung University;Academy;Taiwan
WOS0017;Yuan Feng;University of Technology Sydney;Academy;Australia
SCP0066;Yuan Feng;University of Technology Sydney;Academy;Australia  
SCP0066;Yuan Feng;Chinese Academy of Sciences;Academy;China
SCP0066;Yuan Feng;Tsinghua University;Academy;China
WOS0017;Yuan Feng;Tsinghua University;Academy;China
WOS0072;Yuechen Li;Beihang University;Academy;China
SCP0122;Zengyang Li;Central China Normal University;Academy;China
SCP0983;Zhi-You Yan;National Pingtung University;Academy;Taiwan
WOS0011;Zhongtao Miao;Kyushu University;Academy;Japan
WOS0204;Zhongtao Miao;Kyushu University;Academy;Japan